<list>
   <encoding><source>cp866</source><destination>utf-8</destination></encoding>
   <label><source>001</source><destination>001</destination><used>7</used></label>
   <label><source>010^a</source><destination>010^a</destination><used>2</used></label>
   <label><source>010^ind1</source><destination>010^ind1</destination><used>2</used></label>
   <label><source>010^ind2</source><destination>010^ind2</destination><used>2</used></label>
   <label><source>100^a</source><destination>100^a</destination><used>7</used></label>
   <label><source>100^ind1</source><destination>100^ind1</destination><used>7</used></label>
   <label><source>100^ind2</source><destination>100^ind2</destination><used>7</used></label>
   <label><source>200^a</source><destination>200^a</destination><used>7</used></label>
   <label><source>200^d</source><destination>200^d</destination><used>4</used></label>
   <label><source>200^f</source><destination>200^f</destination><used>7</used></label>
   <label><source>200^g</source><destination>200^g</destination><used>4</used></label>
   <label><source>200^ind1</source><destination>200^ind1</destination><used>7</used></label>
   <label><source>200^ind2</source><destination>200^ind2</destination><used>7</used></label>
   <label><source>205^a</source><destination>205^a</destination><used>2</used></label>
   <label><source>205^ind1</source><destination>205^ind1</destination><used>2</used></label>
   <label><source>205^ind2</source><destination>205^ind2</destination><used>2</used></label>
   <label><source>210^a</source><destination>210^a</destination><used>7</used></label>
   <label><source>210^c</source><destination>210^c</destination><used>7</used></label>
   <label><source>210^d</source><destination>210^d</destination><used>7</used></label>
   <label><source>210^ind1</source><destination>210^ind1</destination><used>7</used></label>
   <label><source>210^ind2</source><destination>210^ind2</destination><used>7</used></label>
   <label><source>215^a</source><destination>215^a</destination><used>1</used></label>
   <label><source>215^ind1</source><destination>215^ind1</destination><used>1</used></label>
   <label><source>215^ind2</source><destination>215^ind2</destination><used>1</used></label>
   <label><source>320^a</source><destination>320^a</destination><used>2</used></label>
   <label><source>320^ind1</source><destination>320^ind1</destination><used>2</used></label>
   <label><source>320^ind2</source><destination>320^ind2</destination><used>2</used></label>
   <label><source>327^a</source><destination>327^a</destination><used>2</used></label>
   <label><source>327^ind1</source><destination>327^ind1</destination><used>2</used></label>
   <label><source>327^ind2</source><destination>327^ind2</destination><used>2</used></label>
   <label><source>606^3</source><destination>606^3</destination><used>4</used></label>
   <label><source>606^a</source><destination>606^a</destination><used>4</used></label>
   <label><source>606^ind1</source><destination>606^ind1</destination><used>4</used></label>
   <label><source>606^ind2</source><destination>606^ind2</destination><used>4</used></label>
   <label><source>675^a</source><destination>675^a</destination><used>4</used></label>
   <label><source>675^ind1</source><destination>675^ind1</destination><used>4</used></label>
   <label><source>675^ind2</source><destination>675^ind2</destination><used>4</used></label>
   <label><source>686^a</source><destination>686^a</destination><used>3</used></label>
   <label><source>686^ind1</source><destination>686^ind1</destination><used>3</used></label>
   <label><source>686^ind2</source><destination>686^ind2</destination><used>3</used></label>
   <label><source>700^3</source><destination>700^3</destination><used>4</used></label>
   <label><source>700^a</source><destination>700^a</destination><used>4</used></label>
   <label><source>700^b</source><destination>700^b</destination><used>3</used></label>
   <label><source>700^ind1</source><destination>700^ind1</destination><used>4</used></label>
   <label><source>700^ind2</source><destination>700^ind2</destination><used>4</used></label>
   <label><source>801^a</source><destination>801^a</destination><used>7</used></label>
   <label><source>801^b</source><destination>801^b</destination><used>7</used></label>
   <label><source>801^c</source><destination>801^c</destination><used>7</used></label>
   <label><source>801^g</source><destination>801^g</destination><used>7</used></label>
   <label><source>801^ind1</source><destination>801^ind1</destination><used>7</used></label>
   <label><source>801^ind2</source><destination>801^ind2</destination><used>7</used></label>
   <label><source>990^b</source><destination>995^b</destination><used>6</used></label>
   <label><source>990^c</source><destination>995^k</destination><used>6</used></label>
   <label><source>990^e</source><destination>995^e</destination><used>6</used></label>
   <label><source>990^g</source><destination>995^g</destination><used>6</used></label>
   <label><source>990^h</source><destination>995^u</destination><used>6</used>
	   <note>для прикладу</note></label>
   <label><source>990^ind1</source><destination>995^ind1</destination><used>6</used></label>
   <label><source>990^ind2</source><destination>995^ind2</destination><used>6</used></label>
   <label><source>990^j</source><destination>995^q</destination><used>6</used></label>
   <label><source>990^n</source><destination>995^n</destination><used>1</used></label>
   <label><source>990^p</source><destination>995^p</destination><used>6</used></label>
   <label><source>990^tail</source><destination>995^tail</destination><used>6</used></label>
</list>